,Mean,95CI
1,68.46444444444444,0.8711205456732648
5,89.85555555555555,0.49830245257292743
20,96.00666666666666,0.27751935009850187
50,97.58666666666667,0.21516653164369764
