,Mean,95CI
1,22.986666666666675,0.4373864216684027
5,26.622222222222184,0.4505667725630144
20,31.868888888888893,0.44376462225714153
50,35.551111111111105,0.45498735210967367
