,Mean,95CI
1,52.553333333333335,0.8566186602922838
5,73.95777777777779,0.7065841589970319
20,83.13555555555554,0.5389693142776585
