,Mean,95CI
1,67.76000000000006,0.832851233565139
5,85.28666666666675,0.5208869663156173
20,91.93111111111112,0.37090014944041544
50,93.95111111111119,0.2963990444341871
