,Mean,95CI
1,34.94444444444445,0.6279496905538947
5,47.79111111111111,0.603228595519271
20,59.51111111111114,0.5708597099336806
50,65.81111111111109,0.5649475972055875
