,Mean,95CI
1,63.59777777777781,0.8671435191642634
5,82.0644444444445,0.6253363390358289
20,89.41999999999997,0.4507592942514984
50,92.24000000000007,0.3463995496154457
