,Mean,95CI
1,55.65777777777779,0.8643787764494214
5,77.15555555555555,0.6634757414729444
20,85.45555555555555,0.5167057443390988
