,Mean,95CI
1,75.46444444444445,0.7552124581915798
5,93.10888888888887,0.41638815843429766
20,97.61333333333324,0.21406861860011753
50,98.40222222222208,0.16400047711689433
