,Mean,95CI
1,63.606666666666655,0.8667751405540232
5,82.11111111111109,0.6390018050918911
20,89.65111111111109,0.44768089719535464
50,92.4644444444445,0.3500458756966466
