,Mean,95CI
1,65.59555555555562,0.8890908446222694
5,82.67555555555559,0.6117478396490819
20,89.70444444444442,0.43352614878573514
50,92.28666666666675,0.3417244705838796
