,Mean,95CI
1,35.53777777777772,0.6444217368350483
5,49.719999999999956,0.6478281012870344
20,60.3711111111111,0.5665692123444368
50,65.20666666666662,0.5523900998503362
