,Mean,95CI
1,28.948888888888888,0.5177924451060558
5,41.64444444444444,0.565441409039537
20,54.23111111111111,0.5663587957945906
50,61.104444444444454,0.55741950126116
