,Mean,95CI
1,54.55555555555556,0.8394562788877941
5,76.18222222222221,0.6877966151840925
20,84.52888888888889,0.5238576944769814
