,Mean,95CI
1,22.54,0.41541923117422275
5,26.65777777777778,0.42241365715929935
20,31.97555555555556,0.4394097482588882
50,35.28444444444444,0.4764335792801489
