,Mean,95CI
1,56.08000000000005,0.8589909179459976
5,76.61555555555556,0.721668017738792
20,84.58888888888899,0.5460302040909008
