,Mean,95CI
1,33.10666666666667,0.5994584891489153
5,45.53333333333333,0.5941705126959961
20,55.64,0.5683062792523547
50,61.37555555555555,0.5690771233635964
