,Mean,95CI
1,21.977777777777767,0.40706134536445393
5,24.61999999999999,0.40301327903735756
20,28.31777777777776,0.42704306267490005
