,Mean,95CI
1,22.275555555555552,0.39996304161995394
5,25.6,0.42928613452624087
20,29.295555555555552,0.40707733371738547
50,31.788888888888888,0.46909334312302536
