,Mean,95CI
1,61.78666666666667,0.8640947693124045
5,80.93555555555555,0.6398898291271004
20,88.28888888888888,0.45835451438666197
50,91.45555555555556,0.3602325920191724
