,Mean,95CI
1,32.50222222222223,0.562839991015845
5,44.324444444444445,0.5444708825337495
20,55.02888888888889,0.5564880609414384
50,61.09777777777777,0.5664812477744087
