,Mean,95CI
1,22.824444444444445,0.42274248642687395
5,26.99111111111111,0.4403962620812594
20,32.42666666666667,0.431902217934424
50,36.102222222222224,0.4745408679366098
