,Mean,95CI
1,74.7466666666667,0.7926996845772635
5,92.2022222222222,0.453841653740105
20,97.08888888888885,0.24658658762537566
50,98.35111111111098,0.16874024977553337
