,Mean,95CI
1,77.4333333333334,0.8133321127188269
5,93.12666666666672,0.4470366601103254
20,97.41999999999994,0.2243380241853927
50,98.48444444444442,0.16603840285926724
