,Mean,95CI
1,59.244444444444454,0.8422754755238535
5,79.45555555555555,0.6352306989196731
20,87.81333333333333,0.4727709575781007
50,91.14,0.388613512800373
