,Mean,95CI
1,22.58888888888889,0.41412206824685904
5,26.466666666666665,0.4338324662729056
20,31.58,0.42705522527101136
50,34.81555555555556,0.44845699737868744
