,Mean,95CI
1,67.25333333333333,0.8260847412481331
5,89.07111111111112,0.5346860884936433
20,95.22222222222221,0.31099796866795115
50,97.10666666666667,0.2413220031139235
