,Mean,95CI
1,54.09111111111111,0.8692315954471684
5,75.89111111111112,0.6965297493253336
20,84.73111111111112,0.5291811853484314
