,Mean,95CI
1,23.195555555555536,0.4329795416574426
5,27.4777777777778,0.4537947564603983
20,33.48888888888887,0.48514145620371707
50,38.16888888888886,0.4592354828422278
