,Mean,95CI
1,71.98222222222226,0.8205228767551029
5,90.76888888888885,0.49165154415476303
20,96.35999999999999,0.2680905227102064
50,97.88666666666654,0.1946398960103035
