,Mean,95CI
1,62.74666666666667,0.878826487860819
5,80.74666666666667,0.6289004094004412
20,87.88,0.45434260094171547
50,91.0111111111111,0.37617959412768215
