,Mean,95CI
1,75.58444444444446,0.8220826041657187
5,92.56666666666665,0.46646640110242443
20,97.26222222222209,0.23370678193784042
50,98.33777777777777,0.1680123185711599
