,Mean,95CI
1,70.92666666666666,0.8674260169413602
5,91.32222222222222,0.4577348141914033
20,96.68222222222224,0.24850892774038727
50,98.09333333333333,0.19205483789930108
