,Mean,95CI
1,35.32222222222226,0.6317962173949098
5,48.7222222222222,0.6452625470073208
20,59.091111111111104,0.5910874546028267
50,64.01777777777778,0.5750809453963067
