,Mean,95CI
1,22.844444444444463,0.4397671358601524
5,27.42888888888889,0.4657385384217096
20,33.33333333333333,0.4655565650155579
50,37.94000000000003,0.4716551629590574
