,Mean,95CI
1,59.18444444444444,0.8541622690494598
5,79.98888888888888,0.6415115826371965
20,88.01777777777778,0.4672248882169439
50,91.03777777777779,0.3708263657749615
