,Mean,95CI
1,35.01333333333334,0.6355967704290626
5,49.22888888888886,0.6430258238589067
20,59.979999999999976,0.5703856922490816
50,64.86222222222219,0.5331253988521808
