,Mean,95CI
1,56.93555555555556,0.8300519770379416
5,78.27555555555554,0.6581708624487325
20,87.39777777777778,0.47342081565338223
50,91.14,0.38065948829928836
