,Mean,95CI
1,32.84,0.5976679632158829
5,45.51777777777777,0.5748433980798596
20,56.30444444444445,0.5687985672015143
50,62.08444444444444,0.557560531569537
