,Mean,95CI
1,67.86222222222221,0.8601156715237971
5,89.34222222222222,0.5442177920357664
20,95.72222222222223,0.277860591476588
50,97.46666666666667,0.22055949271959918
