,Mean,95CI
1,29.431111111111107,0.5131411321379211
5,43.260000000000026,0.5525036100735025
20,55.32888888888887,0.5333552508450153
50,59.83333333333334,0.5535248412040448
