,Mean,95CI
1,40.67555555555556,0.784581171676978
5,61.01777777777777,0.6964123597989688
20,73.06444444444445,0.6215874140350282
