,Mean,95CI
1,22.539999999999996,0.4312202712446184
5,26.55777777777777,0.46197125442775944
20,32.31333333333336,0.46112449762244273
50,36.90444444444446,0.4762286262055772
