,Mean,95CI
1,32.766666666666666,0.6041312485796597
5,44.80222222222223,0.569734562948665
20,56.42888888888889,0.5610485200776532
50,62.64444444444444,0.5678977535148437
