,Mean,95CI
1,22.373333333333335,0.40774062759956653
5,26.32222222222222,0.43436779246374313
20,32.364444444444445,0.46176914146606335
50,36.32222222222222,0.4724838520598843
