,Mean,95CI
1,67.00000000000001,0.8407079108588775
5,91.08888888888896,0.46738632446611617
20,96.83999999999997,0.24919394919835336
50,97.97333333333327,0.1906994796862008
