,Mean,95CI
1,55.16444444444444,0.8315932607057746
5,76.02888888888889,0.6688582295432765
20,84.22888888888889,0.5299476532883108
