,Mean,95CI
1,33.2222222222222,0.5759714320177951
5,47.482222222222184,0.6146073886257658
20,58.89111111111116,0.5899579654734538
50,64.22888888888887,0.5820345712911855
