,Mean,95CI
1,55.57777777777774,0.8558659682070221
5,77.72666666666665,0.6667534948316476
20,86.68666666666677,0.5258719690314568
50,89.62666666666671,0.4292188457999128
