,Mean,95CI
1,21.751111111111097,0.37501938052078715
5,23.93555555555556,0.4046210692053518
20,27.951111111111125,0.4095595818157745
50,29.753333333333345,0.45455846731227084
