,Mean,95CI
1,22.515555555555554,0.41240545962269964
5,26.548888888888886,0.4242169921590218
20,32.00666666666667,0.440838566054196
50,35.43333333333333,0.47305996427152297
