,Mean,95CI
1,68.94222222222221,0.8797399294102028
5,90.12222222222222,0.5140695125323478
20,96.01333333333334,0.27768893971575925
50,97.55777777777777,0.22176232579123262
