,Mean,95CI
1,32.47555555555556,0.6106861273753624
5,44.446666666666665,0.5717300436024703
20,55.20444444444444,0.5485030627672022
50,61.11333333333334,0.563173993830527
