,Mean,95CI
1,64.8111111111111,0.8230094601445711
5,84.03777777777778,0.5685446082033824
20,91.21333333333334,0.3738024891127358
50,93.24,0.28247616712259316
