,Mean,95CI
1,60.2244444444444,0.8575535413528499
5,80.72444444444444,0.6456145910657811
20,89.01555555555554,0.46266835412397544
50,92.03777777777788,0.35581559607833435
