,Mean,95CI
1,52.79333333333334,0.8499032181956155
5,74.58444444444444,0.6945588570686585
20,83.63333333333334,0.539160139333541
