,Mean,95CI
1,22.28444444444443,0.41443707270043917
5,25.25333333333333,0.419476381363402
20,29.486666666666686,0.4223932257016606
50,32.36666666666672,0.46697533846519196
