,Mean,95CI
1,72.92666666666666,0.8659460448721337
5,91.78666666666666,0.45516788020082455
20,96.8,0.2698475763507533
50,98.16666666666667,0.19556323065493642
