,Mean,95CI
1,56.48444444444445,0.8223839122784103
5,77.79777777777778,0.679085628168043
20,85.68888888888888,0.5149628252118716
